CREATE TABLE Apps (
APP_ID NUMBER(3) default NULL,
APP_NAME varchar2(14) default NULL,
RELEASE_DATE DATE default NULL,
LIKE_ID varchar2(5) default NULL
);

INSERT INTO APPS VALUES ('101','WHATSAPP','01-JAN-2017', 'L_01');
INSERT INTO APPS VALUES ('102','PUBG','31-DEC-2018', 'L_03');
INSERT INTO APPS VALUES ('103','FLIPKART','23-FEB-2019', 'L_01');
INSERT INTO APPS VALUES ('104','INSTAGRAM','20-APR-2020', 'L_04');
INSERT INTO APPS VALUES ('105','SNAPCHAT','17-MAY-2023', 'L_02');

SELECT * FROM APPS;

DROP TABLE DOWNLOADS;
PURGE TABLE DOWNLOADS;

CREATE TABLE App_LIKES (
    LIKE_ID varchar2(5) default NULL,
LIKES varchar2(5) default NULL,
RATING_ID VARCHAR2(5) default NULL

);

INSERT INTO App_LIKES VALUES ('L_01','1M', 'R1');
INSERT INTO App_LIKES VALUES ('L_02','1.5M', 'R1');
INSERT INTO App_LIKES VALUES ('L_03','2M', 'R2');
INSERT INTO App_LIKES VALUES ('L_04','3.2M', 'R3');
INSERT INTO App_LIKES VALUES ('L_05','6M', 'R4');

SELECT * FROM App_LIKES;
SELECT * FROM DOWNLOADS;

CREATE TABLE RATINGS (
    RATING_ID varchar2(5) default NULL,
RATINGS NUMBER(3) default NULL

);

INSERT INTO RATINGS VALUES ('R1', '*');
INSERT INTO RATINGS VALUES ('R2', '***');
INSERT INTO RATINGS VALUES ('R3', '****');
INSERT INTO RATINGS VALUES ('R4', '****');
INSERT INTO RATINGS VALUES ('R5', '*****');
INSERT INTO RATINGS VALUES ('R6', '**');

-- 2] WAQTD APP
-- ID, APP NAME, RELEASE DATE, LIKES, RATINGS &
-- DOWNLOADS OF APPS HAVING AT LEAST 1.5M DOWNLOADS, LESS
-- THAN 4M LIKES & RELEASED AFTER 2017 & HAVING MORE THAN 2
-- RATINGS.

-- SELECT 
--     A.APP_ID, 
--     A.APP_NAME, 
--     A.RELEASE_DATE, 
--     AL.LIKES, 
--     R.RATINGS,
--     D.DWNLD
-- FROM 
--     APPS A
--     INNER JOIN APP_LIKES AL ON A.LIKE_ID = AL.LIKE_ID
--     INNER JOIN DOWNLOADS D ON A.APP_ID = D.APP_ID
--     INNER JOIN RATINGS R ON AL.RATING_ID = R.RATING_ID
-- WHERE 
--     TO_NUMBER(REPLACE(D.DWNLD, 'M')) >= 1.5
--     AND TO_NUMBER(REPLACE(AL.LIKES, 'M')) < 4
--     AND A.RELEASE_DATE > TO_DATE('31-DEC-2017', 'DD-MON-YYYY')
--     AND LENGTH(R.RATINGS) > 2;


SELECT 
    A.APP_ID, 
    A.APP_NAME, 
    A.RELEASE_DATE, 
    AL.LIKES, 
    R.RATINGS,
    D.DWNLD
FROM 
    APPS A
    INNER JOIN APP_LIKES AL ON A.LIKE_ID = AL.LIKE_ID
    INNER JOIN DOWNLOADS D ON A.APP_ID = D.APP_ID
    INNER JOIN RATING R ON AL.RATING_ID = R.RATING_ID
WHERE 
    D.DWNLD >= 1.5
    AND AL.LIKES < 4
    AND A.RELEASE_DATE > '31-DEC-2017'
    AND R.RATINGS > 2;

-- 3] WAQTD NUMBER OF APP’S ALONG WITH THE LIKES WHICH IS HAVING
-- AT MOST 5M LIKES.
SELECT COUNT(APP_NAME), AL.LIKES
FROM APPS A 
    INNER JOIN APP_LIKES AL ON A.LIKE_ID = AL.LIKE_ID
    INNER JOIN DOWNLOADS D ON A.APP_ID = D.APP_ID
    INNER JOIN RATING R ON AL.RATING_ID = R.RATING_ID
WHERE AL.LIKES <= 5
GROUP BY AL.LIKES;

-- //2️⃣ 
SELECT 
    AL.LIKES,
    COUNT(A.APP_ID) AS NUMBER_OF_APPS
FROM 
    APPS A
    INNER JOIN APP_LIKES AL ON A.LIKE_ID = AL.LIKE_ID
WHERE 
    TO_NUMBER(REPLACE(AL.LIKES, 'M')) <= 5
GROUP BY 
    AL.LIKES;

-- 4] WAQTD NAMES AND RELEASE DATE OF APPS RELEASED AFTER ‘PUBG’ BUT BEFORE SNAPCHAT.
SELECT APP_NAME, RELEASE_DATE
FROM APPS 
WHERE RELEASE_DATE > '31-DEC-2018' AND
RELEASE_DATE < '17-MAY-2023';

-- WAQTD DETAILS OF EMP’S WHO IS HAVING VOWELS IN 2ND PLACE
-- AND DESIGNATION IS HAVING A STRING ‘AN’ IN IT EXCEPT THE DEPTNO
-- IN WHICH ‘TURNER’ IS WORKING
SELECT *
FROM EMP
WHERE SUBSTR(ENAME, 2,1) IN ('A', 'E', 'I', 'O', 'U') AND
JOB LIKE '%AN%' AND
DEPTNO NOT IN (SELECT DEPTNO
                FROM EMP
                WHERE ENAME = 'TURNER');

-- WAQTD EMP NAME , MGR’ NAME, MGR’S MGR NAME ALONG WITH
-- THEIR LOCATIONS IF MGR & MGR’S MGR WORKING IN DIFFERENT
-- LOCATIONS & EMP IS WORKING IN RESEARCH DEPT.
SELECT E1.ENAME EMP_NAME, D1.LOC EMP_LOC, E2.ENAME MGR_NAME, D2.LOC MGR_LOC, E3.ENAME MGRS_MGR_NAME, D3.LOC MGRS_MGR_LOC
FROM EMP E1 JOIN EMP E2
    ON E1.MGR = E2.EMPNO 
    JOIN EMP E3 ON E2.MGR = E3.EMPNO 
    INNER JOIN DEPT D1 ON E1.DEPTNO = D1.DEPTNO
    INNER JOIN DEPT D2 ON E2.DEPTNO = D2.DEPTNO
    INNER JOIN DEPT D3 ON E3.DEPTNO = D3.DEPTNO
WHERE D2.LOC != D3.LOC
        AND D1.DNAME = 'RESEARCH';

--     SELECT 
--     E.ENAME       AS EMP_NAME,
--     M.ENAME       AS MGR_NAME,
--     MM.ENAME      AS MGRS_MGR_NAME,
--     D1.LOC        AS EMP_LOC,
--     D2.LOC        AS MGR_LOC,
--     D3.LOC        AS MGRS_MGR_LOC
-- FROM 
--     EMP E
--     JOIN EMP M ON E.MGR = M.EMPNO               -- Manager
--     JOIN EMP MM ON M.MGR = MM.EMPNO             -- Manager's Manager
--     JOIN DEPT D1 ON E.DEPTNO = D1.DEPTNO        -- Employee Location
--     JOIN DEPT D2 ON M.DEPTNO = D2.DEPTNO        -- Manager Location
--     JOIN DEPT D3 ON MM.DEPTNO = D3.DEPTNO       -- Manager's Manager Location
-- WHERE 
--     D1.DNAME = 'RESEARCH'
--     AND D2.LOC <> D3.LOC;

-- 7] WAQTD MANAGER’S DNAME OF EMP WHO IS EARNING 7TH MAX SAL
SELECT D2.DNAME
FROM EMP E1 JOIN EMP E2
ON E1.MGR = E2.EMPNO
INNER JOIN DEPT D1 ON E1.DEPTNO = D1.DEPTNO
INNER JOIN DEPT D2 ON E2.DEPTNO = D2.DEPTNO
WHERE (SELECT COUNT (DISTINCT SAL)
        FROM EMP E2
        WHERE E1.SAL < E2.SAL) = 6;

-- WAQTD NUMBER OF EMP’S, MAX SAL, MIN SAL & TOTAL SAL FOR EACH
-- DESIGNATION IF EMP’S NOT EARNING ANY COMMISSION, EXCEPT THE
-- EMP’S HIRED IN THE YEAR ‘81’ AND EACH DESIGNATION IS HAVING LESS
-- THAN 5000 RPS MAXIMUM SALARY & TOTAL SALARY IN EACH
-- DESIGNATION MUST BE AT MOST 6000 RPS.
SELECT COUNT(*), MAX(SAL), MIN(SAL), SUM(SAL), JOB 
FROM EMP
WHERE COMM IS NULL AND
    HIREDATE NOT LIKE '%81'
GROUP BY JOB
HAVING MAX(SAL) < 5000 AND
        SUM(SAL) <= 6000;

-- 9] WAQTD NAME, HIREDATE, HIRED DAY & DEPTNO OF EMP’S WHO IS
-- NOT HIRED IN THE LEAP YEAR BUT HIRED ON SATURDAY OR TUESDAY
-- WORKING IN NEW YORK.
SELECT E.ENAME, E.HIREDATE, TO_CHAR(E.HIREDATE, 'DAY') AS HIRED_DAY, E.DEPTNO
FROM EMP E INNER JOIN DEPT D ON E.DEPTNO = D.DEPTNO
WHERE MOD(TO_NUMBER(TO_CHAR(E.HIREDATE, 'YYYY')),4) != 0 
        AND TO_CHAR(E.HIREDATE, 'DY') IN ('SAT', 'TUE') AND
        D.LOC = 'NEWYORK';

SELECT 
    E.ENAME,
    E.HIREDATE,
    TO_CHAR(E.HIREDATE, 'DAY') AS HIRED_DAY,
    E.DEPTNO
FROM 
    EMP E
    JOIN DEPT D ON E.DEPTNO = D.DEPTNO
WHERE 
    D.LOC = 'NEW YORK'
    AND TO_CHAR(E.HIREDATE, 'DAY') IN ('TUESDAY  ', 'SATURDAY ')
    AND MOD(TO_NUMBER(TO_CHAR(E.HIREDATE, 'YYYY')), 4) != 0;